id;name;description;videogame;completed
1;Checking;card;aggregate transmitting;false
2;circuit;Soft facilitate initiative;withdrawal withdrawal Bedfordshire;false
3;synthesizing withdrawal;B2C program;embrace;false
4;Quality auxiliary utilize;Bike;SMTP;false
5;neutral Personal Metal;Accountability Automotive CSS;Automotive extend;true
6;Vista Usability;B2C Small Peso;Brand Metal;true
7;Light neural-net;Corporate Soap Compatible;National Handcrafted;false
8;teal;strategy;Ergonomic Louisiana;false
9;Dynamic stable;Holy Soap;Web Phased Greens;true
10;Beauty;orange Yen parse;white green Customer;false
